url_path,views_total,views_unique
/Unity-Technologies/ECS-Network-Racing-Sample,249,168
/Unity-Technologies/ECS-Network-Racing-Sample/tree/master/Assets,35,27
/Unity-Technologies/ECS-Network-Racing-Sample/tree/master/Assets/Scripts,26,20
/Unity-Technologies/ECS-Network-Racing-Sample/tree/master/Assets/Scripts/Gameplay,12,10
/Unity-Technologies/ECS-Network-Racing-Sample/pulls,8,6
/Unity-Technologies/ECS-Network-Racing-Sample/tree/master/Packages,7,7
/Unity-Technologies/ECS-Network-Racing-Sample/tree/master/Assets/Scripts/Components,7,5
/Unity-Technologies/ECS-Network-Racing-Sample/blob/master/Assets/Scripts/Gameplay/Player/PlayerSpawnSystem.cs,7,3
/Unity-Technologies/ECS-Network-Racing-Sample/commits,7,2
/Unity-Technologies/ECS-Network-Racing-Sample/tree/master/Assets/Scripts/Authoring,6,6
